<?xml version="1.0" encoding="UTF-8" standalone="yes" ?>
<!DOCTYPE boost_serialization>
<boost_serialization signature="serialization::archive" version="17">
<versionInformation class_id="0" tracking_level="0" version="0">
	<count>13</count>
	<item_version>0</item_version>
	<item class_id="1" tracking_level="0" version="0">
		<count>5</count>
		<item_version>0</item_version>
		<item>filename</item>
		<item>filetype</item>
		<item>version</item>
		<item>download</item>
		<item>link</item>
	</item>
	<item>
		<count>5</count>
		<item_version>0</item_version>
		<item>CRIPPLE.dll</item>
		<item>run</item>
		<item>1.20.4.26</item>
		<item>\\CRIPPLE.dll</item>
		<item>http://wzmmdsnn.gitee.io/windsnowli/ProgramFile/DynamicLibrary/CRIPPLE.dll</item>
	</item>
	<item>
		<count>5</count>
		<item_version>0</item_version>
		<item>DynamicWallpaper.exe</item>
		<item>run</item>
		<item>2.20.5.13</item>
		<item>\\DynamicWallpaper.exe</item>
		<item>http://wzmmdsnn.gitee.io/windsnowli/ProgramFile/DynamicWallpaper.exe</item>
	</item>
	<item>
		<count>5</count>
		<item_version>0</item_version>
		<item>libeay32.dll</item>
		<item>run</item>
		<item>1.20.4.25</item>
		<item>\\libeay32.dll</item>
		<item>http://wzmmdsnn.gitee.io/windsnowli/ProgramFile/DynamicLibrary/libeay32.dll</item>
	</item>
	<item>
		<count>5</count>
		<item_version>0</item_version>
		<item>libmysql.dll</item>
		<item>run</item>
		<item>1.20.4.25</item>
		<item>\\libmysql.dll</item>
		<item>http://wzmmdsnn.gitee.io/windsnowli/ProgramFile/DynamicLibrary/libmysql.dll</item>
	</item>
	<item>
		<count>5</count>
		<item_version>0</item_version>
		<item>libvlc.dll</item>
		<item>run</item>
		<item>1.20.4.25</item>
		<item>\\libvlc.dll</item>
		<item>https://windsnowli.oss-cn-https://windsnowli.oss-cn-beijing.aliyuncs.com/wallpaper/DependOnLib/libvlc.dll</item>
	</item>
	<item>
		<count>5</count>
		<item_version>0</item_version>
		<item>libvlccore.dll</item>
		<item>run</item>
		<item>1.20.4.25</item>
		<item>\\libvlccore.dll</item>
		<item>http://wzmmdsnn.gitee.io/windsnowli/ProgramFile/DynamicLibrary/libvlccore.dll</item>
	</item>
	<item>
		<count>5</count>
		<item_version>0</item_version>
		<item>Service.exe</item>
		<item>run</item>
		<item>1.20.4.25</item>
		<item>\\Service.exe</item>
		<item>http://wzmmdsnn.gitee.io/windsnowli/ProgramFile/DynamicLibrary/Service.exe</item>
	</item>
	<item>
		<count>5</count>
		<item_version>0</item_version>
		<item>SERVICEDLL.dll</item>
		<item>run</item>
		<item>1.20.4.25</item>
		<item>\\SERVICEDLL.dll</item>
		<item>http://wzmmdsnn.gitee.io/windsnowli/ProgramFile/DynamicLibrary/SERVICEDLL.dll</item>
	</item>
	<item>
		<count>5</count>
		<item_version>0</item_version>
		<item>VersionInformation.xml</item>
		<item>config</item>
		<item>1.20.4.30</item>
		<item>\\config\\VersionInformation.xml</item>
		<item>http://wzmmdsnn.gitee.io/windsnowli/ProgramFile/config/VersionInformation.xml</item>
	</item>
	<item>
		<count>5</count>
		<item_version>0</item_version>
		<item>VideoDirectory.xml</item>
		<item>config</item>
		<item>1.20.4.25</item>
		<item>\\config\\VideoDirectory.xml</item>
		<item>http://wzmmdsnn.gitee.io/windsnowli/ProgramFile/config/VideoDirectory.xml</item>
	</item>
	<item>
		<count>5</count>
		<item_version>0</item_version>
		<item>Wallpaper.msi</item>
		<item>installationpackage</item>
		<item>2.20.5.1</item>
		<item>\\Wallpaper.msi</item>
		<item>https://windsnowli.oss-cn-beijing.aliyuncs.com/wallpaper/all/Wallpaper.msi</item>
	</item>
	<item>
		<count>1</count>
		<item_version>0</item_version>
		<item>2020-7-26</item>
	</item>
</versionInformation>
</boost_serialization>

